Name,Path
# Primitives
cube,Primitives/Cube/normalCube.obj
sphere,Primitives/Sphere/sphere.obj
plane,Primitives/Plane/plane.obj

# Characters
humanMesh,Characters/Human/humanMesh.gltf
enemy,Characters/Enemy/Enemy.gltf

# Environment
field,Environment/Field/field.obj
tree,Environment/Tree/oakTree1.gltf
flower_01,Environment/Foliage/Flower_01/flower_01.gltf
foliage_01,Environment/Foliage/Foliage_01/foliage_01.gltf
foliage_02,Environment/Foliage/Foliage_02/foliage_02.gltf
rock1,Environment/Rocks/rock1.gltf
bonFire,Environment/BonFire/bonFire.gltf
house1,Environment/House/house1.gltf
wood01,Environment/Wood/woodStick01.gltf
volumetricFog,Environment/VolumetricFog/VolumetricFog.gltf